job_id,location
0,None
1,Gandhinagar
2,Navi Mumbai
3,New Delhi
3,Bengaluru
4,Mumbai
5,Noida
5,Hyderabad
5,Chennai
5,Bengaluru
6,Jamnagar
6,Ahmedabad
6,Rajkot
6,Surat
6,Vadodara
7,Mohali
8,Gurgaon
8,Chennai
9,Bengaluru
10,Bengaluru
11,Kolkata
11,Mumbai
11,Visakhapatnam
11,Hyderabad
11,Pune
11,Chennai
11,Ahmedabad
11,Delhi
11,Bengaluru
12,Kolkata
12,Mumbai
12,Hyderabad
12,Pune
12,Chennai
12,Gurgaon
12,Delhi
12,Bengaluru
13,Kolkata
13,Mumbai
13,Hyderabad
13,Pune
13,Chennai
13,Ahmedabad
13,Bengaluru
13,Delhi
14,Kolkata
14,Mumbai
14,Hyderabad
14,Lucknow
14,Chennai
14,Ahmedabad
14,Bengaluru
14,Delhi
15,Kolkata
15,Mumbai
15,Hyderabad
15,Lucknow
15,Chennai
15,Ahmedabad
15,Delhi
15,Bengaluru
16,Hyderabad
17,Bengaluru
18,Bengaluru
19,Bengaluru
20,Bengaluru
21,Bengaluru
22,Mumbai
23,Hyderabad
24,Pune
25,Hyderabad
25,Coimbatore
25,Thodupuzha
25,Trivandrum
25,Kochi
25,Kolkata
25,Cannanore
25,Indore
25,Nagpur
25,Pune
25,Lucknow
25,Calicut
25,Bengaluru
26,Bengaluru
27,Bengaluru
28,Bengaluru
29,Surat
30,Remote
31,Surat
32,New Delhi
32,Gurgaon
33,Chennai
34,Pune
35,Visakhapatnam
36,Rajkot
37,Pune
38,Coimbatore
39,Mumbai
40,Rajkot
41,Ahmedabad
42,Pune
43,Chandigarh
44,Hyderabad
45,Mumbai
46,New Delhi
47,Pune
48,New Delhi
48,Delhi
49,Kolkata
50,Ernakulam
51,Pune
52,Jaipur
53,Noida
53,Ghaziabad
53,Faridabad
53,Gurgaon
53,Delhi
54,Bengaluru
55,Lucknow
56,Mumbai
57,Indore
58,Bengaluru
59,Bengaluru
60,Bengaluru
61,Kolkata
61,Mumbai
61,New Delhi
61,Hyderabad
61,Pune
61,Chennai
61,Bengaluru
62,Thane
63,Hyderabad
64,Gurgaon
65,Mumbai
66,Bengaluru
67,Bhubaneswar
68,Noida
69,Coimbatore
70,Indore
70,Pune
70,Mumbai
71,Bengaluru
72,Bengaluru
73,Bengaluru
74,Bengaluru
75,Bengaluru
76,Bengaluru
77,Bengaluru
78,Bengaluru
79,Bengaluru
80,Bengaluru
81,Bengaluru
82,Bengaluru
83,Bengaluru
84,Bengaluru
85,Bengaluru
86,Bengaluru
87,Bengaluru
88,Pune
89,Hyderabad
90,Panipat
90,Yamunanagar
90,Faridabad
90,Sonipat
90,Gurgaon
90,Hissar
91,Pune
92,Pune
93,Mumbai
94,Mohali
94,Chandigarh
95,Gurgaon
96,Nagpur
97,Hyderabad
98,Hyderabad
99,Hyderabad
100,Madurai
100,Tirupur
100,Salem
100,Chennai
100,Tiruchirapalli
100,Coimbatore
101,Gurgaon
102,New Delhi
103,Ahmedabad
104,Hyderabad
105,Mumbai
106,Gurgaon
107,Gurgaon
108,Hyderabad
109,Remote
110,Gurgaon
111,Chennai
112,Mumbai
113,Hyderabad
114,Remote
115,Thane
116,Pune
117,Mumbai
118,Hyderabad
119,Mumbai
120,Pune
121,New Delhi
122,Bhopal
123,Ahmedabad
124,Hyderabad
125,Gurgaon
126,Gurgaon
127,Mumbai
128,New Delhi
129,Trivandrum
130,Mumbai
131,Hyderabad
132,Mumbai
133,Gurgaon
134,Udaipur
135,Udaipur
136,Hyderabad
137,Hyderabad
138,Hyderabad
139,Hyderabad
140,Indore
141,Ahmedabad
142,Hyderabad
143,Hyderabad
144,Gurgaon
145,Thane
146,Mumbai
147,Kolkata
148,Hyderabad
149,Chennai
150,Chennai
151,Gurgaon
152,Mumbai
153,Nagpur
154,Noida
155,Remote
156,Mumbai
156,Maldah
157,Chennai
158,Mumbai
159,Hyderabad
160,Chennai
161,Gurgaon
162,New Delhi
163,Surat
164,Chennai
165,Bengaluru
166,Bengaluru
167,Remote
168,Hyderabad
169,Hyderabad
170,Mumbai
171,Mumbai
172,Bengaluru
173,Chennai
174,Mumbai
175,Coimbatore
176,Mumbai
176,Mumbai Suburban
176,Thane
177,Chennai
178,Hyderabad
179,Mumbai
180,Bengaluru
181,Pune
182,New Delhi
183,Mumbai
184,Coimbatore
185,Mumbai Suburban
185,VIKHROLI
186,Mumbai
187,Ahmedabad
188,Indore
189,Mumbai
190,Hyderabad
191,Ahmedabad
192,Thane
193,Remote
194,Mohali
195,Hybrid - Mumbai
196,Bengaluru
197,Bengaluru
198,New Delhi
199,Pune
200,Pune
201,Pune
202,New Delhi
203,Remote
204,Chennai
205,Aurangabad
206,Mumbai
206,Mumbai Suburban
207,New Delhi
208,Vadodara
209,Gurgaon
210,Mumbai
211,Hyderabad
212,Delhi
213,Mumbai
213,Vasai
214,Mumbai
214,Hyderabad
214,Bengaluru
215,Indore
216,Chennai
217,Chennai
218,Chennai
219,Mumbai
220,Pune
221,Pune
222,Chennai
223,Pune
224,Pune
225,Pune
226,Kolkata
226,Mumbai
226,New Delhi
226,Hyderabad
226,Pune
226,Chennai
226,Bengaluru
227,Bengaluru
228,Bengaluru
229,Bengaluru
230,Bengaluru
231,Bengaluru
231,Dubai
232,Hyderabad
233,Visakhapatnam
233,Hyderabad
234,Mumbai
235,Tirunelveli
236,Remote
237,Lucknow
238,Chennai
239,Nagpur
240,Coimbatore
241,Hyderabad
242,Mumbai
243,Kolkata
243,Mumbai
243,New Delhi
243,Hyderabad
243,Pune
243,Chennai
243,Bengaluru
244,Mumbai
245,Hyderabad
246,Gurgaon
247,Lucknow
248,Chennai
249,Hybrid - Gurgaon
250,Gurgaon
250,Bengaluru
251,Vadodara
252,Bengaluru
253,Ahmedabad
254,Pune
255,Nagercoil
256,New Delhi
257,Hyderabad
257,Chennai
257,Bengaluru
258,Hyderabad
258,Chennai
258,Bengaluru
259,Remote
260,Remote
261,Calicut
262,Pune
263,Gurgaon
264,Kochi
265,Bengaluru
266,Khopoli
267,Bengaluru
268,Kolkata
268,Mumbai
268,New Delhi
268,Hyderabad
268,Pune
268,Chennai
268,Bengaluru
269,Bengaluru
270,Chennai
270,Bengaluru
271,Bengaluru
272,Mumbai
273,Mumbai
274,Remote
275,Remote
276,Remote
277,Hyderabad
278,Lucknow
279,Remote
280,Navi Mumbai
281,Hyderabad
281,Chennai
282,Guwahati
283,Remote
284,Chennai
285,Hybrid - Indore
286,New Delhi
287,Mumbai
287,Mumbai Suburban
287,Thane
288,Bengaluru
289,Mumbai
290,Hyderabad
291,Mumbai
292,Hyderabad
293,Erode
294,Mumbai
295,Remote
296,New Delhi
297,Hyderabad
298,Hyderabad
299,Nagpur
300,sachin
301,Remote
302,Mysore
303,Kochi
304,New Delhi
305,Pune
306,Ahmedabad
307,New Delhi
307,Delhi
308,Gandhinagar
309,New Delhi
309,Delhi
310,Hyderabad
311,Pune
312,Bengaluru
313,Bengaluru
314,Bengaluru
315,Kolhapur
316,Mumbai
317,Mumbai
318,Hyderabad
319,Bengaluru
320,Bengaluru
321,Kolkata
321,Mumbai
321,New Delhi
321,Hyderabad
321,Pune
321,Chennai
321,Bengaluru
322,Hyderabad
322,Pune
322,Chennai
322,Bengaluru
323,Bengaluru
324,Kolkata
324,Mumbai
324,New Delhi
324,Hyderabad
324,Pune
324,Chennai
324,Bengaluru
325,Hyderabad
326,Mumbai
327,Hyderabad
327,Bengaluru
328,Bengaluru
329,Remote
330,Mumbai
331,Kolkata
331,Mumbai
331,New Delhi
331,Hyderabad
331,Pune
331,Chennai
331,Bengaluru
332,Mumbai
333,Mumbai
333,Hyderabad
333,Bengaluru
334,Kolkata
334,Hyderabad
334,Bengaluru
335,Jaipur
336,Bengaluru
337,Udaipur
338,Remote
339,Bengaluru
340,Hybrid - Aurangabad
341,Gurgaon
342,Mumbai
343,Ahmedabad
344,Remote
345,Mumbai
346,Kochi
347,Pune
348,Ludhiana
349,Gurgaon
350,Remote
351,New Delhi
352,Kochi
353,Jaipur
354,Bengaluru
355,Noida
356,Remote
357,Bengaluru
358,Noida
359,Mumbai
360,Bengaluru
361,Bengaluru
362,Hyderabad
362,Bengaluru
362,Mumbai
363,Bengaluru
364,Gurgaon
365,Gurgaon
366,Noida
367,Mumbai
368,Hybrid - Indore
368,Delhi
368,Mumbai
369,Bengaluru
370,Gurgaon
371,Pune
372,Noida
372,Gurgaon
372,Delhi
373,Noida
373,Gurgaon
373,Delhi
374,Noida
374,Gurgaon
374,Delhi
375,Noida
375,Gurgaon
375,Delhi
376,Hybrid - Chennai
376,Bengaluru
376,Delhi
377,Bengaluru
378,Kolkata
378,Mumbai
378,New Delhi
378,Hyderabad
378,Pune
378,Chennai
378,Bengaluru
379,Chennai
380,Chennai
381,Kolkata
381,Mumbai
381,Hyderabad
381,Pune
381,Chennai
381,Bengaluru
382,Mumbai
382,Hyderabad
382,Pune
382,Ahmedabad
382,Chennai
382,Bengaluru
382,Delhi
383,Kolkata
383,Mumbai
383,Visakhapatnam
383,Hyderabad
383,Pune
383,Chennai
383,Ahmedabad
383,Delhi
383,Bengaluru
384,Bengaluru
385,Bengaluru
386,Pune
387,Mumbai
388,Hyderabad
389,Bengaluru
390,Bengaluru
391,Bengaluru
392,Hybrid - Pune
392,Gurgaon
392,Bengaluru
393,Remote
394,Navi Mumbai
395,Hyderabad
396,Hyderabad
397,Hyderabad
398,Kochi
398,Ernakulam
399,Hyderabad
400,Mumbai
401,Raipur
402,Ahmedabad
403,Delhi
403,India
404,Noida
404,India
405,Mumbai
406,Noida
406,Delhi
407,Hyderabad
408,Mumbai
409,Hyderabad
410,Gurgaon
411,Pune
412,New Delhi
413,New Delhi
414,Bengaluru
415,Madurai
415,Tirupur
415,Salem
415,Chennai
415,Tiruchirapalli
415,Coimbatore
416,Chennai
416,Bengaluru
417,Chennai
418,Kolkata
419,Ahmedabad
420,Bengaluru
421,Bengaluru
422,None
423,Hyderabad
423,Chennai
423,Bengaluru
424,Indore
425,Bangarapet
425,Malur
425,Kolar
425,Dod Ballapur
425,Tumkur
425,Devanahalli
425,Nelamangala
425,Hosakote
425,Bengaluru
426,Mumbai
427,Mumbai
428,Pune
429,Bengaluru
430,Bengaluru
431,Bengaluru
432,Bengaluru
433,Bengaluru
434,Bengaluru
435,Temp. WFH - Kolkata
435,Mumbai
435,Hyderabad
435,Pune
435,Chennai
435,Ahmedabad
435,Delhi
435,Bengaluru
436,Bengaluru
437,Bengaluru
438,None
439,Jaipur
440,Kolkata
440,Mumbai
440,Hyderabad
440,Ahmedabad
441,Bengaluru
442,Mumbai
443,Bengaluru
444,Bengaluru
445,Hyderabad
446,Bengaluru
447,Noida
448,Hyderabad
448,Chennai
449,Remote
450,Hybrid - Noida
450,Bengaluru
451,Mumbai
452,Ahmedabad
453,Gurgaon
454,Pune
455,Hybrid - Pimpri-Chinchwad
455,Pune
456,Not Specified
457,Remote
458,Chennai
459,Mumbai
460,Pune
461,Remote
462,Noida
463,Pune
464,Hyderabad
465,Kolkata
465,Mumbai
465,New Delhi
465,Hyderabad
465,Pune
465,Chennai
465,Bengaluru
466,Hyderabad
467,Bengaluru
468,Mohali
469,Mohali
470,Bengaluru
471,Bengaluru
472,Bengaluru
473,Bengaluru
474,Bengaluru
475,Gurgaon
476,Kolkata
476,Mumbai
476,Hyderabad
476,Pune
476,Chennai
476,Ahmedabad
476,Delhi
476,Bengaluru
477,Bengaluru
478,Gurgaon
479,Hyderabad
479,New Delhi
479,Bengaluru
480,Bengaluru
481,Gurgaon
482,Pune
483,Hybrid - Chennai
484,Mumbai
484,Mumbai
485,Mumbai
486,Hybrid - Gurgaon
487,Bengaluru
488,Bengaluru
489,Kolkata
489,Mumbai
489,New Delhi
489,Hyderabad
489,Pune
489,Chennai
489,Bengaluru
490,Indore
491,Gurgaon
492,Pune
493,Indore
494,Hybrid - Pimpri-Chinchwad
494,Pune
495,Hyderabad
496,None
497,Gurgaon
498,Hybrid - Mumbai
499,Noida
500,Gurgaon
501,Mohali
502,Remote
503,Remote
504,Gurgaon
505,Remote
506,Remote
507,Remote
508,Mangaluru
509,Remote
510,Mumbai
511,Hyderabad
512,Mumbai
513,Tumkur
514,Nagercoil
515,Hyderabad
516,Remote
517,Remote
518,Noida
519,Hyderabad
520,Hyderabad
521,Ahmedabad
522,Remote
523,Remote
524,Gurgaon
525,Nagpur
526,Chennai
527,Chennai
528,Hyderabad
529,Nagpur
530,Gurgaon
531,Bengaluru
532,Bengaluru
533,Remote
534,Gurgaon
535,Mohali
536,Ahmedabad
537,Kolkata
537,Mumbai
537,Hyderabad
537,Lucknow
537,Chennai
537,Ahmedabad
537,Delhi
537,Bengaluru
538,Kolkata
538,Mumbai
538,Hyderabad
538,Pune
538,Chennai
538,Ahmedabad
538,Bengaluru
538,Delhi
539,Kolkata
539,Mumbai
539,Hyderabad
539,Pune
539,Chennai
539,Ahmedabad
539,Delhi
539,Bengaluru
540,Bengaluru
541,Kolkata
541,Mumbai
541,Pune
541,Chennai
541,Ahmedabad
541,Delhi
541,Bengaluru
542,Mumbai
543,Bengaluru
544,Gurgaon
545,Pune
546,Ahmedabad
547,Mumbai
547,Hyderabad
547,Pune
547,Gurgaon
547,Chennai
547,Bengaluru
548,Mumbai
548,Hyderabad
548,Pune
548,Gurgaon
548,Chennai
548,Bengaluru
549,Bengaluru
550,Chennai
551,Gurgaon
552,Noida
553,Chennai
554,Chennai
555,Bhubaneshwar
556,Remote
557,New Delhi
558,Surat
559,Hyderabad
560,Surat
561,Mumbai
561,Ghatkopar
562,not specified
563,Ahmednagar
564,Remote
565,Remote
566,Remote
567,Hyderabad
568,Trivandrum
569,Bhubaneshwar
570,Surat
571,Mumbai
572,Ahmedabad
573,Hyderabad
574,Hyderabad
574,Bengaluru
575,Bengaluru
576,Pune
577,Bengaluru
578,Bengaluru
579,Mumbai
580,Palghar
581,Bengaluru
582,Bengaluru
583,Chennai
584,Bengaluru
585,Kolkata
585,Mumbai
585,Hyderabad
585,Lucknow
585,Chennai
585,Ahmedabad
585,Delhi
585,Bengaluru
586,Kolkata
586,Mumbai
586,Hyderabad
586,Lucknow
586,Chennai
586,Ahmedabad
586,Delhi
586,Bengaluru
587,Kolkata
587,Mumbai
587,Hyderabad
587,Pune
587,Chennai
587,Delhi
587,Bengaluru
588,Kolkata
588,Mumbai
588,Hyderabad
588,Chennai
588,Bengaluru
588,Delhi
589,Kolkata
589,Mumbai
589,Hyderabad
589,Pune
589,Ahmedabad
589,Delhi
589,Bengaluru
590,Kolkata
590,Mumbai
590,Hyderabad
590,Pune
590,Chennai
590,Bengaluru
591,Kolkata
591,Mumbai
591,Hyderabad
591,Pune
591,Chennai
591,Ahmedabad
591,Delhi
591,Bengaluru
592,Kolkata
592,Mumbai
592,Hyderabad
592,Pune
592,Chennai
592,Ahmedabad
592,Bengaluru
592,Delhi
593,Kolkata
593,Mumbai
593,Hyderabad
593,Lucknow
593,Chennai
593,Ahmedabad
593,Delhi
593,Bengaluru
594,Bengaluru
595,Bengaluru
596,Kurukshetra
597,Bengaluru
598,Gurgaon
599,Bengaluru
600,Bengaluru
601,Bengaluru
602,Bengaluru
603,Bengaluru
604,Bengaluru
605,Bengaluru
606,Mumbai
607,Bengaluru
608,Bengaluru
609,Bengaluru
610,Mumbai
610,Gurgaon
610,Bengaluru
611,Bengaluru
612,Bengaluru
613,Bengaluru
614,Bengaluru
615,Bengaluru
616,Gurgaon
617,Gurgaon
618,Ahmedabad
619,Bengaluru
620,Mohali
620,Chandigarh
620,Panchkula
620,Ambala
620,Shimla
620,Amritsar
621,Mumbai Suburban
622,Bengaluru
623,Bengaluru
624,Bengaluru
625,Bengaluru
626,Bengaluru
627,Bengaluru
628,Bengaluru
629,Bengaluru
630,Bengaluru
631,Bengaluru
632,Bengaluru
633,Bengaluru
634,Bengaluru
635,Coimbatore
636,Bengaluru
637,Bengaluru
638,Bengaluru
639,Bengaluru
640,Bengaluru
641,Noida
642,Gurgaon
643,Noida
644,Remote
645,Hyderabad
646,Bengaluru
647,Delhi
648,Mumbai
649,Hyderabad
650,Remote
651,Hyderabad
652,Ahmedabad
653,New Delhi
654,Bengaluru
655,Mumbai
656,Gurgaon
656,United States
656,Bulgaria
657,Gurgaon
658,Gurgaon
659,Hyderabad
660,Bengaluru
661,Bengaluru
662,Bengaluru
663,Bengaluru
664,Bengaluru
665,Hybrid - Chennai
666,Kolkata
666,Mumbai
666,New Delhi
666,Hyderabad
666,Pune
666,Chennai
666,Bengaluru
667,Pune
667,Bengaluru
667,Mumbai
668,Delhi
669,Delhi
670,Bengaluru
671,Bengaluru
671,India
672,Pune
673,Cuttack
673,Nagpur
673,Visakhapatnam
673,Ranchi
673,Bengaluru
673,Vadodara
674,Pune
675,New Delhi
676,Mumbai
677,Bengaluru
678,Gurgaon
679,Kolkata
680,Noida
681,Kochi
682,Kolkata
682,Mumbai
682,Indore
682,Pune
682,Ahmedabad
682,Surat
682,Bengaluru
682,Vadodara
683,Noida
683,Ghaziabad
683,Faridabad
683,Gurgaon
683,Delhi
684,Hyderabad
684,Chennai
684,Bengaluru
685,Hyderabad
685,Chennai
685,Bengaluru
686,Mumbai Suburban
686,Mumbai
687,Surat
688,None
689,Coimbatore
690,Delhi
691,Bengaluru
692,Kolkata
692,Hyderabad
692,Bengaluru
693,Kolkata
693,Hyderabad
693,Bengaluru
694,Mumbai
695,Ernakulam
696,Ahmedabad
697,Noida
697,Ghaziabad
697,Dehradun
697,Haldwani
697,Gurgaon
697,Delhi
698,Mumbai
699,Guwahati
700,Pune
700,Ahmedabad
700,Bengaluru
701,Hyderabad
702,Pune
703,Mumbai
704,Mumbai
705,Mumbai
706,Bengaluru
707,Remote
708,Mumbai
709,Hyderabad
710,Malappuram
711,Bengaluru
712,Noida
713,Noida
714,Mangaluru
715,Raipur
716,Gurgaon
717,Noida
718,Chittoor
719,Remote
720,Mohali
721,Thane
722,Mumbai Suburban
723,Mumbai
724,Ahmedabad
725,Noida
726,Mumbai
727,Kumbakonam
728,Ahmedabad
729,Mumbai
730,Mumbai
731,Gurgaon
732,Mumbai
733,New Delhi
733,Delhi
733,Gurgaon
734,Remote
735,Noida
736,Hyderabad
737,Pune
738,Remote
739,Mumbai
740,New Delhi
741,Noida
742,Gurgaon
743,Mumbai
744,Gurgaon
745,Kota
746,Thane
747,Bengaluru
748,New Delhi
749,Hubli
749,Mangaluru
749,Mysore
749,Bengaluru
749,Belagavi
750,Greater Noida
751,Pune
752,Navsari
752,Surat
753,Mumbai
754,Mohali
755,Hyderabad
756,Bengaluru
757,New Delhi
757,Delhi
758,New Delhi
758,Bengaluru
759,Bengaluru
760,Bengaluru
761,Remote
762,Remote
763,Tirupati
763,Chennai
764,Noida
765,Gurgaon
766,Hyderabad
767,Hyderabad
768,Gurgaon
769,Chennai
770,Noida
771,Gurgaon
772,Gurgaon
773,Mumbai
774,Kolkata
775,Noida
776,Hyderabad
777,Pune
778,Mumbai
779,Hyderabad
780,Mumbai
781,Gurgaon
782,Mumbai
783,Kolkata
783,Mumbai
783,New Delhi
783,Hyderabad
783,Pune
783,Chennai
783,Bengaluru
784,Kolkata
784,Mumbai
784,New Delhi
784,Hyderabad
784,Pune
784,Chennai
784,Bengaluru
785,Greater Noida
786,Bengaluru
787,Bengaluru
788,Bengaluru
789,Bengaluru
790,Chennai
791,Ahmedabad
792,Bengaluru
793,Ahmedabad
794,Pune
795,Pune
796,Noida
797,Mumbai
798,Mumbai
799,Noida
800,Pune
801,Pune
802,Pune
803,Ahmedabad
804,Bengaluru
805,Hybrid - Chennai
806,Mumbai
806,Thane
806,Navi Mumbai
806,Kalyan
806,Mumbai
807,Dindigul
807,Theni
808,Hyderabad
809,Hyderabad
810,Remote
811,Bengaluru
812,Remote
813,Ahmedabad
814,Remote
815,Hyderabad
816,Pune
817,Mumbai
818,Hyderabad
819,Remote
820,Chennai
821,Mohali
822,Bengaluru
823,Hyderabad
824,Hyderabad
825,Cannanore
826,Kochi
826,Thrissur
826,Calicut
826,Trivandrum
827,Kolkata
827,Mumbai
827,New Delhi
827,Hyderabad
827,Pune
827,Chennai
827,Bengaluru
828,Kolkata
828,Mumbai
828,New Delhi
828,Hyderabad
828,Pune
828,Chennai
828,Bengaluru
829,Chennai
830,Navi Mumbai
831,Mumbai
832,Bengaluru
833,Hyderabad
834,Mumbai
835,Mumbai
836,Pune
837,Chennai
837,India
838,Gurgaon
839,Bengaluru
840,Bengaluru
841,Hyderabad
841,Hyderabad
842,Noida
843,Pune
844,Pune
845,Noida
846,Noida
847,Shillong
848,Noida
849,Noida
850,Gurgaon
851,Noida
852,Noida
853,Bahraich
854,Noida
855,Chennai
856,Indergarh
857,Chirgaon
858,Porsa
859,Gurgaon
860,Gurgaon
861,Jamnagar
861,Ahmedabad
861,Rajkot
861,Surat
861,Vadodara
862,Hyderabad
862,Chennai
863,Mumbai
864,Gurgaon
865,Hyderabad
866,Pune
867,New Delhi
868,Chennai
869,Hybrid - New Delhi
869,Delhi
869,Gurgaon
869,Delhi
870,Pune
871,Chennai
872,Chennai
873,Pune
874,Hyderabad
875,Devanahalli
876,Bengaluru
877,Tirupur
878,Bengaluru
879,Ahmedabad
880,Hyderabad
881,Hyderabad
882,Hyderabad
883,Bengaluru
884,Chennai
884,Bengaluru
885,Bengaluru
886,Mumbai
887,Pune
888,Lucknow
889,Bengaluru
890,Bengaluru
891,Mumbai
891,Hyderabad
891,Pune
891,Chennai
891,Gurgaon
891,Bengaluru
892,Noida
893,Bengaluru
894,Bengaluru
895,Hyderabad
895,Ahmedabad
895,Bengaluru
896,Kochi
897,Hyderabad
898,Ahmedabad
899,Hyderabad
900,Remote
901,Chennai
902,Noida
903,Chennai
904,Remote
905,Remote
906,Remote
907,Chennai
908,Kolkata
908,Mumbai
908,New Delhi
908,Hyderabad
908,Pune
908,Chennai
908,Bengaluru
909,Kolkata
909,Mumbai
909,New Delhi
909,Hyderabad
909,Pune
909,Chennai
909,Bengaluru
910,Bengaluru
911,Hyderabad
911,Chennai
911,Bengaluru
912,Mohali
913,Indore
914,Thane
914,Mumbai
915,None
916,Thane
916,Navi Mumbai
916,Mumbai
917,Jaipur
918,Mumbai
919,Mumbai
920,Jaipur
921,Noida
922,Noida
923,Mumbai
924,Hyderabad
925,Hubli
925,Mangaluru
925,Mysore
925,Bengaluru
925,Belagavi
926,Tiruvannamalai
927,Bengaluru
928,Pune
928,Ahmedabad
928,Bengaluru
929,Bengaluru
930,Kolkata
930,Mumbai
930,Hyderabad
930,Pune
930,Chennai
930,Ahmedabad
930,Bengaluru
930,Delhi
931,New Delhi
932,Gurgaon
933,Gurgaon
934,Noida
934,Kashipur
934,Ghaziabad
934,Dehradun
934,Rudrapur
934,Haldwani
934,Faridabad
934,Gurgaon
934,Delhi
935,Hyderabad
936,Ernakulam
936,Cannanore
936,Calicut
937,Chennai
938,Gurgaon
939,Gurgaon
940,Thane
941,Gurgaon
942,Kolkata
942,Hyderabad
942,Gurgaon
943,Gurgaon
944,Chennai
945,Kota
946,Noida
946,Ghaziabad
946,Dehradun
946,Rudrapur
946,Haldwani
946,Gurgaon
946,Delhi
947,Mumbai
948,Mumbai
949,Hyderabad
950,Panaji
951,Gurgaon
952,Gurgaon
952,Chennai
952,Mumbai
953,Hyderabad
954,Gurgaon
955,Gurgaon
956,Pune
957,Mumbai
958,Pune
959,Coimbatore
960,Mumbai
961,Mumbai
962,New Delhi
963,Pune
964,Indore
965,Hyderabad
966,Bengaluru
967,Noida
968,New Delhi
968,Delhi
969,Mumbai Suburban
970,Bengaluru
971,Bengaluru
972,Bengaluru
973,Mumbai
973,Bengaluru
973,Delhi
973,Kerela
974,Gurgaon
975,Kalyan
975,Badlapur
976,Bengaluru
977,Delhi
978,Bengaluru
979,Bengaluru
980,Hyderabad
980,Chennai
980,Bengaluru
981,Bengaluru
982,Mumbai
982,Bengaluru
983,Surat
984,Gurgaon
985,Bengaluru
985,Bengaluru
986,Bengaluru
987,Bengaluru
988,Remote
989,Bengaluru
990,Bengaluru
991,Bengaluru
992,Kolkata
992,Mumbai
992,New Delhi
992,Hyderabad
992,Pune
992,Chennai
992,Bengaluru
993,Bengaluru
994,Bengaluru
995,Bengaluru
996,Bengaluru
997,Remote
998,Bengaluru
999,New Delhi
1000,Mumbai
1001,Bengaluru
1002,Bengaluru
1003,Bengaluru
1004,Bengaluru
1005,Bengaluru
1006,Bengaluru
1007,Bengaluru
1008,Gurgaon
1009,Hyderabad
1010,Bengaluru
1011,Bengaluru
1012,Faridabad
1013,Coimbatore
1014,Hybrid - Rajahmundry
1014,Kurnool
1014,Sathupalle
1014,Eluru
1015,Noida
1015,Kashipur
1015,Ghaziabad
1015,Dehradun
1015,Rudrapur
1015,Haldwani
1015,Faridabad
1015,Gurgaon
1015,Delhi
1016,Ahmedabad
1017,Chennai
1018,Noida
1019,Chennai
1020,Gurgaon
1021,Gurgaon
1022,Gurgaon
1023,Chennai
1024,Remote
1025,Pune
1026,Chandigarh
1027,Chennai
1028,Hyderabad
1029,Bengaluru
1030,Mohali
1030,Chandigarh
1030,Panchkula
1031,Kolkata
1031,Mumbai
1031,New Delhi
1031,Hyderabad
1031,Pune
1031,Chennai
1031,Bengaluru
1032,Ghaziabad
1033,Bengaluru
1034,Bengaluru
1035,Ahmedabad
1036,Mumbai
1037,Mumbai
1038,Kochi
1039,Delhi
1040,Chennai
1041,Ahmedabad
1042,Hyderabad
1042,Chennai
1043,New Delhi
1044,Chennai
1045,Remote
1046,Remote
1047,Bengaluru
1048,Bengaluru
1049,Gurgaon
1050,Bengaluru
1051,Mumbai
1052,Hyderabad
1053,Gurgaon
1054,New Delhi
1055,Mumbai
1056,Chennai
1057,Coimbatore
1058,Hyderabad
1059,Ahmedabad
1060,Amritsar
1061,Vadodara
1062,Noida
1063,Remote
1064,Chennai
1065,Hyderabad
1066,Hyderabad
1067,Chennai
1068,Noida
1068,Greater Noida
1069,Varanasi
1069,Cannanore
1069,Mumbai
1069,New Delhi
1070,Hyderabad
1071,Pune
1072,Noida
1073,Vadodara
1074,Ahmedabad
1075,New Delhi
1076,Gurgaon
1077,Mumbai
1078,Gurgaon
1079,Remote
1080,Pune
1081,Bengaluru
1082,Bengaluru
1083,Bengaluru
1084,New Delhi
1084,Delhi
1085,Daskroi
1086,New Delhi
1086,Delhi
1087,Gurgaon
1088,Bengaluru
1089,Bengaluru
1090,Bengaluru
1091,Bengaluru
1092,Bengaluru
1093,Surat
1094,Thane
1095,Hyderabad
1096,New Delhi
1097,Hyderabad
1098,Kolkata
1099,Kolkata
1099,Mumbai
1099,New Delhi
1099,Hyderabad
1099,Pune
1099,Chennai
1099,Bengaluru
1100,Bengaluru
1101,Kolkata
1101,Mumbai
1101,Hyderabad
1101,New Delhi
1101,Chennai
1101,Bengaluru
1102,Remote
1103,Pune
1103,Gurgaon
1103,Bengaluru
1104,Hyderabad
1105,Bengaluru
1106,Bengaluru
1107,Bengaluru
1108,Bengaluru
1109,Bengaluru
1110,Bengaluru
1111,Bengaluru
1112,Bengaluru
1113,Bengaluru
1114,Bengaluru
1115,Bengaluru
1116,Bengaluru
1117,Mumbai
1117,New Delhi
1118,Hybrid - Gurgaon
1119,Coimbatore
1120,Chennai
1120,Bengaluru
1121,Hyderabad
1121,Bengaluru
1122,Gurgaon
1122,Bengaluru
1123,Bengaluru
1124,Bengaluru
1125,Bengaluru
1126,Bengaluru
1127,Bengaluru
1128,Bengaluru
1129,Bengaluru
1130,Bengaluru
1131,Bengaluru
1132,Bengaluru
1133,Bengaluru
1134,Bengaluru
1135,Vadodara
1136,Lucknow
1137,Gurgaon
1138,Mumbai
1139,Satna
1139,Maihar
1140,Mumbai
1141,New Delhi
1142,Gurgaon
1143,Noida
1143,Ghaziabad
1143,New Delhi
1143,Faridabad
1143,Gurgaon
1143,Delhi
1144,Delhi
1145,Chennai
1146,Faridabad
1146,Delhi
1147,Mumbai
1147,Delhi
1148,New Delhi
1149,Mumbai
1150,Gurgaon
1151,Hyderabad
1152,Gurgaon
1152,Delhi
1153,Chennai
1154,Delhi
1155,Gurgaon
1156,Hyderabad
1157,Bengaluru
1158,Bengaluru
1159,Bengaluru
1160,Bengaluru
1161,Cuttack
1162,Mumbai
1163,Kolkata
1164,Mumbai
1165,Indore
1166,Kolkata
1166,Mumbai
1166,New Delhi
1166,Hyderabad
1166,Pune
1166,Chennai
1166,Bengaluru
1167,Kolkata
1167,Mumbai
1167,New Delhi
1167,Hyderabad
1167,Pune
1167,Chennai
1167,Bengaluru
1168,Noida
1169,Ahmedabad
1170,Kolkata
1171,Bengaluru
1172,Mohali
1173,Hyderabad
1174,Gurgaon
1174,Delhi
1175,Navi Mumbai
1176,Ghaziabad
1177,Hyderabad
1178,New Delhi
1179,New Delhi
1180,Chennai
1181,Mumbai
1182,Mumbai
1183,Pune
1184,Mumbai
1185,Noida
1186,Lucknow
1187,Hyderabad
1188,Delhi
1189,Rajgarh
1190,Mohali
1190,Chandigarh
1190,Panchkula
1191,Mumbai
1192,Surat
1193,Hubli
1194,Gurgaon
1195,Lucknow
1196,Gurgaon
1197,Gurgaon
1198,Gurgaon
1199,Mumbai
1200,Gurgaon
1201,Gurgaon
1202,Aurangabad
1203,Gurgaon
1204,goregaon
1205,Bawal
1205,Gurgaon
1206,None
1207,New Delhi
1208,Noida
1209,Noida
1210,Aurangabad
1211,Panipat
1211,Bawal
1211,Yamunanagar
1211,Faridabad
1211,Sonipat
1211,Gurgaon
1211,Hissar
1212,Hyderabad
1213,Aurangabad
1214,New Delhi
1215,Surat
1216,Surat
1217,Mumbai
1218,Mumbai
1218,Delhi
1219,Mumbai Suburban
1220,Mumbai
1221,Gurgaon
1222,Thane
1223,Hyderabad
1224,Noida
1225,Mahabalipuram
1226,Noida
1227,Mohali
1228,Pune
1229,Hybrid - Pune
1230,Mumbai
1231,Hyderabad
1232,Hyderabad
1233,Mumbai
1234,New Delhi
1235,Pune
1236,Mumbai
1237,Pune
1238,Noida
1239,Delhi
1240,Mumbai
1240,Delhi NCR
1241,Mumbai
1242,Thrissur
1243,Mumbai
1244,Mumbai
1245,Noida
1246,Gurgaon
1246,Delhi
1247,Pune
1248,Kolkata
1249,Thane
1250,Mumbai
1251,Gurgaon
1252,New Delhi
1253,Hybrid - Hyderabad
1254,Kolkata
1255,Mumbai
1255,Navi Mumbai
1256,Delhi
1257,Pune
1257,Ahmedabad
1258,Delhi
1259,Lucknow
1260,Gurgaon
1261,Hyderabad
1262,Vijayawada
1262,Visakhapatnam
1262,Guntur
1262,Nellore
1263,Mumbai
1264,Mumbai
1265,Pune
1266,Pune
1267,Mumbai
1267,Vasai
1268,Pune
1269,Mumbai
1270,Mumbai
1271,Mohali
1272,Noida
1273,Chennai
1274,Pune
1275,Mumbai
1276,Mumbai
1277,Mumbai
1278,New Delhi
1278,Gurgaon
1279,Vadodara
1280,Udaipur
1281,Noida
1282,Hyderabad
1283,Hyderabad
1284,Vadodara
1285,Mumbai
1286,Jaipur
1287,Pune
1288,Pune
1289,Mohali
1290,Pune
1291,Noida
1291,Mumbai
1292,Gurgaon
1293,Nagercoil
1294,Pune
1295,Ahmedabad
1296,Mumbai
1297,New Delhi
1298,Noida
1299,Mumbai
1300,Pune
1301,Hyderabad
1302,Jaipur
1303,Gurgaon
1304,Noida
1305,Pune
1306,Noida
1307,Pune
1308,Kolkata
1308,Mumbai
1308,New Delhi
1308,Hyderabad
1308,Pune
1308,Chennai
1308,Bengaluru
1309,Remote
1310,Bengaluru
1311,Bengaluru
1312,Kolkata
1312,Mumbai
1312,New Delhi
1312,Hyderabad
1312,Pune
1312,Chennai
1312,Bengaluru
1313,Bengaluru
1314,Bengaluru
1315,Bengaluru
1316,Bengaluru
1317,Kolkata
1317,Mumbai
1317,New Delhi
1317,Hyderabad
1317,Pune
1317,Chennai
1317,Bengaluru
1318,Bengaluru
1319,Bengaluru
1320,Bengaluru
1321,Bengaluru
1322,Bengaluru
1323,Bengaluru
1324,Bengaluru
1325,Bengaluru
1326,Bengaluru
1327,Bengaluru
1328,Bengaluru
1329,Bengaluru
1330,Bengaluru
1331,Kochi
1331,Hyderabad
1331,Chennai
1331,Bengaluru
1331,Trivandrum
1332,Bengaluru
1333,Bengaluru
1334,Bengaluru
1335,Bengaluru
1336,Bengaluru
1337,Remote
1338,Bengaluru
1339,Mumbai
1340,Gurgaon
1341,Jaipur
1342,New Delhi
1343,Pune
1344,Chennai
1345,Pathanamthitta
1346,Tiruchirapalli
1347,Lucknow
1348,Perambalur
1349,Pathanamthitta
1350,Mumbai
1351,Bengaluru
1352,Bengaluru
1353,Hyderabad
1354,Bengaluru
1355,New Delhi
1355,Bengaluru
1356,Bengaluru
1357,Bengaluru
1358,Kalyan
1358,Bengaluru
1359,Bengaluru
1360,Navi Mumbai
1361,Kolkata
1361,Mumbai
1361,New Delhi
1361,Hyderabad
1361,Pune
1361,Chennai
1361,Bengaluru
1362,Bengaluru
1363,Bengaluru
1364,Bengaluru
1365,Surat
1366,Kochi
1366,Bengaluru
1367,Bengaluru
1368,Bengaluru
1369,Bengaluru
1370,Pune
1371,Kolkata
1371,Mumbai
1371,New Delhi
1371,Hyderabad
1371,Pune
1371,Chennai
1371,Bengaluru
1372,Bengaluru
1373,Bengaluru
1374,Bengaluru
1375,Bengaluru
1376,Mumbai
1376,Bengaluru
1377,Bengaluru
1378,Vadodara
1379,Vadodara
1380,Hybrid - Gurgaon
1381,Pune
1382,Mumbai
1383,Pune
1384,Mumbai
1384,Mumbai
1385,Gurgaon
1386,Lucknow
1387,Ghaziabad
1388,Mohali
1389,Mohali
1390,Detroj-Rampura
1391,New Delhi
1391,Delhi
1391,Delhi
1392,Chennai
1393,Vapi
1394,Pune
1395,Ahmedabad
1395,Rajkot
1395,Surat
1396,Mumbai
1397,Jaipur
1398,Mohali
1399,Mangaluru
1399,Pune
1399,Pondicherry
1400,Gurgaon
1401,Bengaluru
1402,Hyderabad
1402,Ahmedabad
1402,Chennai
1402,Bengaluru
1403,Coimbatore
1404,Pune
1405,Chennai
1406,Gurgaon
1407,New Delhi
1408,Pune
1409,Mumbai
1410,Remote
1411,Hyderabad
1412,New Delhi
1412,Delhi
1412,Gurgaon
1413,Mumbai
1414,Faridabad
1415,Chennai
1416,Remote
1417,Noida
1418,Ahmedabad
1419,Pune
1420,Bhubaneswar
1421,Kolkata
1421,Pune
1422,Gurgaon
1423,Pune
1424,Mumbai
1425,Morvi
1426,Chennai
1427,Morvi
1428,Noida
1429,Pune
1430,Mumbai
1431,Mumbai
1431,Navi Mumbai
1432,Gandhinagar
1433,Nagpur
1434,Pune
1435,Mumbai
1436,Mumbai
1437,Hyderabad
1438,Chennai
1439,Erode
1440,Noida
1441,Cannanore
1442,Hybrid - Hyderabad
1443,Vadodara
1444,Mumbai
1445,Pune
1446,Delhi
1447,Mumbai
1448,Coimbatore
1449,Kochi
1449,Kottayam
1449,Calicut
1450,Noida
1451,Nasik
1452,Calicut
1453,Chennai
1454,Remote
1455,Lucknow
1456,Nasik
1457,Vadodara
1458,Gurgaon
1459,Vadodara
1460,Mumbai
1461,Mumbai
1462,Thane
1463,Indore
1464,Chennai
1465,Ahmedabad
1466,Sonitpur
1467,not specified
1468,Calicut
1469,Chennai
1470,Noida
1471,Guwahati
1472,Kolkata
1473,Gordhan
1474,Hyderabad
1475,Sirohi
1476,Thane
1477,Surat
1477,Vadodara
1478,Palghat
1479,Surat
1480,Surat
1481,Gurgaon
1482,Ahmedabad
1483,Ahmedabad
1484,Nasik
1485,Gurgaon
1486,Ahmedabad
1487,Chennai
1488,Nasik
1489,Mumbai
1490,Ahmedabad
1491,Surat
1492,Gurgaon
1492,United States
1493,Nasik
1494,Ahmedabad
1495,Pune
1496,Pune
1497,Pune
1498,Pune
1499,Nagpur
1500,Nagpur
1501,Pune
1502,Pune
1503,Nagpur
1504,Gurgaon
1505,Jaipur
1506,Calicut
1507,Calicut
1508,Calicut
1509,Pune
1510,Bhopal
1512,New Delhi
1513,Vadodara
1514,Mumbai
1515,Remote
1516,Guwahati
1517,Mumbai
1518,Delhi
1518,Surat
1519,New Delhi
1520,West Tripura
1521,Gurgaon
1522,Nagpur
1523,Ahmedabad
1524,Chennai
1525,Mumbai
1526,Mumbai
1527,Surat
1528,Mumbai
1529,Remote
1530,Chennai
1531,Hyderabad
1532,Kochi
1532,Thrissur
1532,Calicut
1532,Trivandrum
1533,Remote
1534,Noida
1535,Gurgaon
1536,Mumbai
1537,Mumbai
1537,Pune
1538,Visakhapatnam
1538,Hyderabad
1539,Gurgaon
1540,Pune
1541,Gurgaon
1542,Pune
1543,Hyderabad
1544,Jamshedpur
1545,Hyderabad
1546,Chennai
1547,Pune
1548,Noida
1549,Dehradun
1549,Hyderabad
1549,Gurgaon
1550,Mumbai
1551,Remote
1552,Noida
1553,Remote
1554,Remote
1555,Remote
1556,Kochi
1557,Hyderabad
1558,Hyderabad
1559,Kolkata
1560,Chennai
1561,Ahmedabad
1562,Gurgaon
1563,Chennai
1564,Gurgaon
1565,Remote
1566,Chennai
1567,Ahmedabad
1568,Hyderabad
1569,Mumbai
1570,Chennai
1571,Kolkata
1572,Remote
1573,Remote
1574,Chennai
1575,Indore
1576,Gurgaon
1577,Hyderabad
1578,Pune
1579,Mumbai
1580,Mumbai
1581,Remote
1582,Kolkata
1583,Kolkata
1584,Pune
1585,Chennai
1586,New Delhi
1587,Mumbai
1588,New Delhi
1589,Hyderabad
1590,Noida
1591,Ghaziabad
1592,Hyderabad
1593,Pune
1594,Hybrid - Mumbai
1595,Gurgaon
1596,Gurgaon
1597,Gandhidham
1598,Pune
1599,Bodh Gaya
1600,Remote
1601,Remote
1602,Aligarh
1603,Hyderabad
1604,Hyderabad
1605,Ahmedabad
1605,Paldi
1605,Satellite
1606,Bengaluru
1607,Pune
1608,Chennai
1609,Remote
1610,Bengaluru
1611,Bengaluru
1612,Kolkata
1612,Hyderabad
1612,Bengaluru
1613,New Delhi
1613,Delhi
1614,Gurgaon
1615,Surat
1616,Indore
1617,Gurgaon
1617,Delhi
1618,Nagpur
1619,Bengaluru
1620,None
1621,Hyderabad
1622,Mumbai
1623,Mumbai
1623,Thane
1623,Navi Mumbai
1624,Pilibhit
1625,Ahmedabad
1626,Hyderabad
1626,Pune
1626,Gurgaon
1627,Pune
1628,Kochi
1629,Mumbai
1630,Mumbai
1631,Pune
1632,Gurgaon
1633,Pune
1634,Remote
1635,Dadra & Nagar Haveli
1636,Chennai
1637,Ghaziabad
1637,Delhi
1638,Jalandhar
1639,Kolkata
1640,Hyderabad
1641,Remote
1642,Gurgaon
1643,Trivandrum
1644,Nagpur
1645,Hyderabad
1646,Ghaziabad
1646,Hyderabad
1647,Pune
1648,Ahmedabad
1649,Remote
1650,Saharanpur
1651,Cannanore
1652,Hybrid - Mumbai
1653,Jaipur
1654,Pune
1655,Gurgaon
1656,Gurgaon
1657,Vadodara
1658,Kolkata
1659,Chennai
1660,Noida
1661,Bharuch
1662,Mumbai
1663,Kolkata
1664,Kochi
1665,Gurgaon
1666,Ahmedabad
1667,Noida
1668,Jaipur
1669,Allahabad
1670,Mohali
1670,S.A.S. Nagar
1671,New Delhi
1672,Gurgaon
1673,Indore
1674,Noida
1675,Noida
1676,Hyderabad
1677,Karaikkudi
1678,Kochi
1678,Thrissur
1678,Calicut
1678,Trivandrum
1679,Mumbai Suburban
1680,Noida
1681,Jaipur
1682,Ahmedabad
1683,Ahmedabad
1684,Mumbai
1685,Gurgaon
1686,Kolkata
1687,Mohali
1688,New Delhi
1689,New Delhi
1690,New Delhi
1691,Indore
1692,Pune
1693,Khopoli
1694,Pune
1695,Chennai
1696,Tirupati
1697,Aurangabad
1698,Aurangabad
1699,Aurangabad
1700,Aurangabad
1701,Guwahati
1702,Gurgaon
1703,Hyderabad
1704,Jewar
1705,Jewar
1706,Jewar
1707,Jewar
1708,Gurgaon
1709,Remote
1710,Trivandrum
1711,Hyderabad
1712,Mumbai
1712,Chennai
1713,Remote
1714,Surat
1715,Barshi
1715,New Delhi
1716,Mundra
1717,Gurgaon
1718,Not Specified
1719,Chennai
1719,Coimbatore
1720,Mumbai
1721,Hyderabad
1722,Mumbai
1723,Allahabad
1723,Varanasi
1723,Ghaziabad
1723,Kanpur
1723,Lucknow
1723,Agra
1724,Ahmedabad
1725,Ahmedabad
1726,Kochi
1727,New Delhi
1728,Delhi
1729,Remote
1730,Calicut
1731,Kolkata
1732,Noida
1733,Kolkata
1734,Mohali
1735,Mohali
1736,Surat
1737,Remote
1738,New Delhi
1739,Remote
1740,Remote
1741,New Delhi
1741,Gurgaon
1742,Noida
1743,Pune
1744,Gurgaon
1745,Vapi
1746,Vapi
1747,Daman & Diu
1748,Rohtak
1749,Hyderabad
1750,Faridabad
1751,Ahmedabad
1752,Kochi
1753,Hyderabad
1754,Pune
1755,Mumbai
1755,Vasai
1756,Kharagpur
1757,Gurgaon
1758,Hubli
1759,Kochi
1760,Calicut
1761,Hyderabad
1762,Chennai
1763,Ahmedabad
1764,Jaipur
1765,Coimbatore
1766,Mumbai
1767,Hyderabad
1768,New Delhi
1769,Mumbai
1770,Bhubaneswar
1770,Pune
1770,Ahmedabad
1771,Meerut
1772,Ahmedabad
1773,Chennai
1774,Mumbai
1775,Mumbai
1775,New Delhi
1776,Mumbai
1777,Pune
1778,Pune
1779,Noida
1779,Delhi
1780,Mumbai
1781,New Delhi
1782,Noida
1783,Pune
1784,Mumbai
1785,Dadra & Nagar Haveli
1786,Vapi
1787,Vapi
1788,Gurgaon
1789,Jaipur
1790,Pune
1791,Vapi
1792,Pune
1793,Chennai
1794,Kochi
1795,Mumbai
1796,Indore
1797,Rajkot
1798,Indore
1799,Kolkata
1800,Pune
1801,Delhi
1802,Delhi
1803,Remote
1804,Mumbai
1805,Mumbai
1806,Chennai
1807,Noida
1808,Pune
1809,Remote
1810,Nagpur
1811,Mumbai
1812,Gurgaon
1812,Gurgaon
1813,Noida
1814,Kolkata
1815,Jabalpur
1816,Jaipur
1817,Dadra & Nagar Haveli
1818,Daman & Diu
1819,Nagpur
1820,Ludhiana
1821,Remote
1822,Pune
1823,Surat
1824,Surat
1825,Hyderabad
1826,Pune
1827,Noida
1828,Vadodara
1829,Delhi
1830,Gurgaon
1831,Kozhikode
1832,Pune
1833,Pune
1834,Remote
1835,Kochi
1835,Mumbai
1835,Chandigarh
1835,New Delhi
1835,Lucknow
1835,Thrissur
1835,Chennai
1835,Ahmedabad
1835,Jaipur
1835,Bengaluru
1836,Jaipur
1837,Bengaluru
1838,Kochi
1838,Mumbai
1838,Chandigarh
1838,New Delhi
1838,Lucknow
1838,Thrissur
1838,Chennai
1838,Ahmedabad
1838,Jaipur
1838,Bengaluru
1839,Bengaluru
1840,Bengaluru
1841,Gurgaon
1842,Manesar
1843,Bengaluru
1844,Kolkata
1844,Mumbai
1844,New Delhi
1844,Hyderabad
1844,Pune
1844,Chennai
1844,Bengaluru
1845,Noida
1845,Kolkata
1845,Mumbai
1845,Chandigarh
1845,Hyderabad
1845,Pune
1845,Chennai
1845,Bengaluru
1845,Delhi
1846,Mumbai
1847,Delhi
1848,Sangareddy
1849,Vadodara
1850,Hybrid - Hyderabad
1851,Nagpur
1851,Pune
1852,Gurgaon
1853,Bhopal
1854,Vadodara
1855,Bengaluru
1856,Thane
1856,Bhiwandi
1856,Pune
1857,Bengaluru
1858,Mumbai
1859,Chennai
1860,Rajkot
1861,Mumbai
1862,Mumbai
1863,None
1864,Gurgaon
1865,Hybrid - Noida
1866,Bengaluru
1867,Bengaluru
1868,Gurgaon
1869,Bina
1869,Etawah
1870,Marhaura
1871,Koppal
1872,Kothagudem
1873,Hospet
1874,Nokha
1875,None
1876,Kheda
1877,Ludhiana
1878,Buldana
1879,Barnala
1879,Bilaspur
1880,Solan
1881,Mumbai
1881,Mumbai Suburban
1882,Jalor
1883,Paithan
1884,Karaikal
1885,Kalol
1886,Angul
1887,Bundi
1888,Madhepura
1889,Jhanjharpur
1890,Takhatpur
1891,Nagpur
1892,Mairwa
1893,Bhavnagar
1894,New Delhi
1895,Kothapeta
1896,Sambalpur
1897,Wadwani
1898,Pondicherry
1899,Kadi
1900,Darjeeling
1901,Gurgaon
1902,Bengaluru
1903,Bengaluru
1904,Chennai
1904,United Kingdom
1905,Jaipur
1906,Kolkata
1907,Noida
1908,Pune
1909,Bengaluru
1910,Kolkata
1910,Mumbai
1910,New Delhi
1910,Hyderabad
1910,Pune
1910,Chennai
1910,Bengaluru
1911,Bengaluru
1912,Bengaluru
1913,Bengaluru
1914,Bengaluru
1915,Bengaluru
1916,Chennai
1917,Mysore
1918,Hassan
1919,Kolkata
1919,Kolkata
1920,Bengaluru
1921,Bengaluru
1922,Mumbai Suburban
1923,None
1924,Bengaluru
1925,Hyderabad
1926,Noida
1927,Lucknow
1928,Raipur
1929,Raipur
1930,Ahmedabad
1931,Pune
1932,Indore
1933,Patna
1934,Baloda Bazar
1934,Raipur
1935,New Delhi
1936,Gurgaon
1937,Gurgaon
1938,Mumbai
1939,Mumbai
1940,Gurgaon
1941,Vijayawada
1942,Gurgaon
1943,Bengaluru
1944,Bengaluru
1945,Bengaluru
1946,Bengaluru
1947,Kolkata
1947,Hyderabad
1947,Bengaluru
1948,Bengaluru
1949,Bengaluru
1950,Bengaluru
1951,Pune
1952,Mumbai
1953,Mumbai Suburban
1954,Kolkata
1954,Mumbai
1954,New Delhi
1954,Hyderabad
1954,Pune
1954,Chennai
1954,Bengaluru
1955,Mumbai
1956,Noida
1956,New Delhi
1956,Delhi
1956,Delhi
1957,Bengaluru
1958,Mumbai
1959,Noida
1960,Pune
1961,Chennai
1962,Ambala
1963,New Delhi
1964,Baloda Bazar
1964,Raipur
1965,Mumbai
1966,Hyderabad
1966,Chennai
1966,Bengaluru
1967,Hyderabad
1967,Chennai
1967,Bengaluru
1968,Bengaluru
1969,None
1970,Bengaluru
1971,Bengaluru
1972,Bengaluru
